"Status","Start Time","Stop Time","Duration in ms","Parent Suite","Suite","Sub Suite","Test Class","Test Method","Name","Description"
"passed","Mon Mar 11 06:40:58 UTC 2024","Mon Mar 11 06:42:05 UTC 2024","66390","","Settings: [FNN-673] Confirm email address","","Settings: [FNN-673] Confirm email address","should confirm email address","should confirm email address",""
"passed","Mon Mar 11 06:22:11 UTC 2024","Mon Mar 11 06:22:14 UTC 2024","2967","","Login: [FNN-563] Log in from the header Negative","","Login: [FNN-563] Log in from the header Negative","should log in without password","should log in without password",""
"passed","Mon Mar 11 07:18:15 UTC 2024","Mon Mar 11 07:18:29 UTC 2024","13834","","CR: [FNN-744] CR Subscribe Negative","","CR: [FNN-744] CR Subscribe Negative","should subscribe as CR without phone number","should subscribe as CR without phone number",""
"passed","Mon Mar 11 06:43:18 UTC 2024","Mon Mar 11 06:43:44 UTC 2024","25979","","Settings: [FNN-675] Change password Negative","","Settings: [FNN-675] Change password Negative","should change password with invalid repeat new password","should change password with invalid repeat new password",""
"passed","Mon Mar 11 06:28:40 UTC 2024","Mon Mar 11 06:28:54 UTC 2024","14143","","My Profile: [FNN-690] Add resume Positive","","My Profile: [FNN-690] Add resume Positive","should add Education","should add Education",""
"passed","Mon Mar 11 06:39:50 UTC 2024","Mon Mar 11 06:40:06 UTC 2024","16532","","Post Project: [FNN-649] Post project with account Negative","","Post Project: [FNN-649] Post project with account Negative","should post project without step 2","should post project without step 2",""
"passed","Mon Mar 11 06:24:35 UTC 2024","Mon Mar 11 06:24:48 UTC 2024","13284","","Subscribe: [FNN-577] Subscribe Negative","","Subscribe: [FNN-577] Subscribe Negative","should subscribe without repeat password","should subscribe without repeat password",""
"passed","Mon Mar 11 06:23:38 UTC 2024","Mon Mar 11 06:23:42 UTC 2024","3631","","Login: [FNN-574] Log in from the Login page Negative","","Login: [FNN-574] Log in from the Login page Negative","should log in without email","should log in without email",""
"passed","Mon Mar 11 07:32:26 UTC 2024","Mon Mar 11 07:34:16 UTC 2024","109646","","Search Project: [FNN-568] Project search","","Search Project: [FNN-568] Project search","should filter projects by Number of responses","should filter projects by Number of responses",""
"passed","Mon Mar 11 07:16:49 UTC 2024","Mon Mar 11 07:17:02 UTC 2024","13105","","CR: [FNN-744] CR Subscribe Negative","","CR: [FNN-744] CR Subscribe Negative","should subscribe as CR without company name","should subscribe as CR without company name",""
"passed","Mon Mar 11 07:05:59 UTC 2024","Mon Mar 11 07:08:01 UTC 2024","122089","","Freelancer search: [FNN-924] Freelancer search as CR user","","Freelancer search: [FNN-924] Freelancer search as CR user","should filter freelancers by Availability","should filter freelancers by Availability",""
"passed","Mon Mar 11 07:23:10 UTC 2024","Mon Mar 11 07:23:18 UTC 2024","8269","","My Profile: [FNN-719] Add resume Negative","","My Profile: [FNN-719] Add resume Negative","should add education without education","should add education without education",""
"failed","Mon Mar 11 07:22:36 UTC 2024","Mon Mar 11 07:23:01 UTC 2024","25612","","My Profile: [FNN-719] Add resume Negative","","My Profile: [FNN-719] Add resume Negative","should add education without data","should add education without data",""
"failed","Mon Mar 11 07:25:03 UTC 2024","Mon Mar 11 07:25:35 UTC 2024","31956","","My Profile: [FNN-730] Request reference Negative","","My Profile: [FNN-730] Request reference Negative","should pass step 2 with invalid website format","should pass step 2 with invalid website format",""
"passed","Mon Mar 11 07:26:25 UTC 2024","Mon Mar 11 07:26:35 UTC 2024","9838","","My Profile: [FNN-730] Request reference Negative","","My Profile: [FNN-730] Request reference Negative","should pass step 3 without 3 rating","should pass step 3 without 3 rating",""
"passed","Mon Mar 11 07:03:40 UTC 2024","Mon Mar 11 07:04:16 UTC 2024","35832","","Freelancer search: [FNN-924] Freelancer search as CR user","","Freelancer search: [FNN-924] Freelancer search as CR user","should filter freelancers by Location","should filter freelancers by Location",""
"failed","Mon Mar 11 07:23:49 UTC 2024","Mon Mar 11 07:24:18 UTC 2024","28705","","My Profile: [FNN-719] Add resume Negative","","My Profile: [FNN-719] Add resume Negative","should add education without period to","should add education without period to",""
"passed","Mon Mar 11 06:57:57 UTC 2024","Mon Mar 11 06:58:56 UTC 2024","59009","","Freelancer search: [FNN-816] Create list Functionality","","Freelancer search: [FNN-816] Create list Functionality","should remove created list","should remove created list",""
"passed","Mon Mar 11 06:23:05 UTC 2024","Mon Mar 11 06:23:19 UTC 2024","13532","","Subscribe: [FNN-577] Subscribe Negative","","Subscribe: [FNN-577] Subscribe Negative","should subscribe with wrong email format","should subscribe with wrong email format",""
"passed","Mon Mar 11 06:29:54 UTC 2024","Mon Mar 11 06:30:26 UTC 2024","32377","","Upgrade: [FNN-659] Upgrade account Negative","","Upgrade: [FNN-659] Upgrade account Negative","should upgrade account to Standard 1 month: Incorrect number decline","should upgrade account to Standard 1 month: Incorrect number decline",""
"passed","Mon Mar 11 06:59:40 UTC 2024","Mon Mar 11 07:01:28 UTC 2024","108369","","Create Profile: [FNN-683] Create profile Positive","","Create Profile: [FNN-683] Create profile Positive","should create profile with valid data","should create profile with valid data",""
"passed","Mon Mar 11 07:26:46 UTC 2024","Mon Mar 11 07:26:55 UTC 2024","9148","","My Profile: [FNN-730] Request reference Negative","","My Profile: [FNN-730] Request reference Negative","should pass step 3 without comments","should pass step 3 without comments",""
"passed","Mon Mar 11 06:25:22 UTC 2024","Mon Mar 11 06:25:36 UTC 2024","14447","","Subscribe: [FNN-577] Subscribe Negative","","Subscribe: [FNN-577] Subscribe Negative","should subscribe without agreeing to the Terms and Conditions","should subscribe without agreeing to the Terms and Conditions",""
"failed","Mon Mar 11 07:29:12 UTC 2024","Mon Mar 11 07:30:33 UTC 2024","80930","","My Network: [FNN-1232] Invite manually via email with custom message with signup bonus","","My Network: [FNN-1232] Invite manually via email with custom message with signup bonus","should check My Dashboard and My Transactions page for the signup bonus as the inviter user","should check My Dashboard and My Transactions page for the signup bonus as the inviter user",""
"passed","Mon Mar 11 07:22:45 UTC 2024","Mon Mar 11 07:24:31 UTC 2024","105946","","My Profile: [FNN-730] Request reference Negative","","My Profile: [FNN-730] Request reference Negative","should pass step 2 without data","should pass step 2 without data",""
"passed","Mon Mar 11 07:21:43 UTC 2024","Mon Mar 11 07:21:48 UTC 2024","5002","","My Profile: [FNN-668] Edit account details Negative","","My Profile: [FNN-668] Edit account details Negative","should edit account details without sector","should edit account details without sector",""
"passed","Mon Mar 11 07:14:19 UTC 2024","Mon Mar 11 07:15:26 UTC 2024","66578","","CR: [FNN-742] CR subscribe Positive","","CR: [FNN-742] CR subscribe Positive","should subscribe as CR with valid credentials","should subscribe as CR with valid credentials",""
"passed","Mon Mar 11 07:49:48 UTC 2024","Mon Mar 11 07:51:54 UTC 2024","125416","","CR: [FNN-750] Invite to the organization through search","","CR: [FNN-750] Invite to the organization through search","should invite freelancer","should invite freelancer",""
"passed","Mon Mar 11 07:36:54 UTC 2024","Mon Mar 11 07:38:03 UTC 2024","68782","","Freelancer search: [FNN-815] Freelancer search as non-CR user","","Freelancer search: [FNN-815] Freelancer search as non-CR user","should filter freelancers by Skills","should filter freelancers by Skills",""
"passed","Mon Mar 11 06:22:28 UTC 2024","Mon Mar 11 06:22:40 UTC 2024","11960","","Subscribe: [FNN-577] Subscribe Negative","","Subscribe: [FNN-577] Subscribe Negative","should subscribe without first name","should subscribe without first name",""
"passed","Mon Mar 11 06:22:56 UTC 2024","Mon Mar 11 06:24:02 UTC 2024","66376","","Login: [FNN-648] Log in from the Login page Positive","","Login: [FNN-648] Log in from the Login page Positive","should log in with valid credentials","should log in with valid credentials",""
"broken","Mon Mar 11 07:44:49 UTC 2024","Mon Mar 11 07:49:48 UTC 2024","298548","","My Transactions: [FNN-710] Milestones project: In advance. Positive","","My Transactions: [FNN-710] Milestones project: In advance. Positive","""before all"" hook for [FNN-710] Milestones project: In advance. Positive","""before all"" hook for [FNN-710] Milestones project: In advance. Positive",""
"passed","Mon Mar 11 06:41:25 UTC 2024","Mon Mar 11 06:41:47 UTC 2024","21367","","Post Project: [FNN-649] Post project with account Negative","","Post Project: [FNN-649] Post project with account Negative","should post project without End date","should post project without End date",""
"passed","Mon Mar 11 06:22:04 UTC 2024","Mon Mar 11 06:22:08 UTC 2024","4104","","Login: [FNN-563] Log in from the header Negative","","Login: [FNN-563] Log in from the header Negative","should log in with wrong email format","should log in with wrong email format",""
"passed","Mon Mar 11 06:25:05 UTC 2024","Mon Mar 11 06:25:22 UTC 2024","16342","","Subscribe: [FNN-577] Subscribe Negative","","Subscribe: [FNN-577] Subscribe Negative","should subscribe with invalid repeat password","should subscribe with invalid repeat password",""
"failed","Mon Mar 11 07:43:26 UTC 2024","Mon Mar 11 07:44:10 UTC 2024","44590","","[FNN-661] Send interest","","[FNN-661] Send interest","should assign the freelancer user","should assign the freelancer user",""
"passed","Mon Mar 11 06:22:40 UTC 2024","Mon Mar 11 06:22:52 UTC 2024","11840","","Subscribe: [FNN-577] Subscribe Negative","","Subscribe: [FNN-577] Subscribe Negative","should subscribe without last name","should subscribe without last name",""
"broken","Mon Mar 11 07:46:06 UTC 2024","Mon Mar 11 07:50:51 UTC 2024","285008","","My Transactions: [FNN-737] Hourly project: Start project. Negative","","My Transactions: [FNN-737] Hourly project: Start project. Negative","""before all"" hook for [FNN-737] Hourly project: Start project. Negative","""before all"" hook for [FNN-737] Hourly project: Start project. Negative",""
"skipped","Mon Mar 11 07:42:44 UTC 2024","Mon Mar 11 07:42:44 UTC 2024","6","","Freelancer search: [FNN-846] Invite to project","","Freelancer search: [FNN-846] Invite to project","should check the invitation and send an interest of the project","should check the invitation and send an interest of the project",""
"passed","Mon Mar 11 06:23:32 UTC 2024","Mon Mar 11 06:24:59 UTC 2024","87346","","Login: [FNN-685] Log out","","Login: [FNN-685] Log out","should log out","should log out",""
"passed","Mon Mar 11 06:39:22 UTC 2024","Mon Mar 11 06:40:53 UTC 2024","90484","","Settings: [FNN-671] Change email address Positive","","Settings: [FNN-671] Change email address Positive","should change email address with valid credentials","should change email address with valid credentials",""
"passed","Mon Mar 11 07:19:14 UTC 2024","Mon Mar 11 07:19:27 UTC 2024","12934","","CR: [FNN-744] CR Subscribe Negative","","CR: [FNN-744] CR Subscribe Negative","should subscribe as CR without repeat password","should subscribe as CR without repeat password",""
"passed","Mon Mar 11 06:21:02 UTC 2024","Mon Mar 11 06:22:28 UTC 2024","86107","","Subscribe: [FNN-577] Subscribe Negative","","Subscribe: [FNN-577] Subscribe Negative","should subscribe without category","should subscribe without category",""
"passed","Mon Mar 11 06:26:25 UTC 2024","Mon Mar 11 06:29:05 UTC 2024","159570","","My Profile: [FNN-669] Edit account details Positive","","My Profile: [FNN-669] Edit account details Positive","should edit freelancer account details with valid information","should edit freelancer account details with valid information",""
"passed","Mon Mar 11 06:41:06 UTC 2024","Mon Mar 11 06:41:57 UTC 2024","51144","","Settings: [FNN-672] Change email address Negative","","Settings: [FNN-672] Change email address Negative","should change email address with wrong password","should change email address with wrong password",""
"passed","Mon Mar 11 07:30:43 UTC 2024","Mon Mar 11 07:30:56 UTC 2024","13245","","Search Project: [FNN-568] Project search","","Search Project: [FNN-568] Project search","should filter projects by Location","should filter projects by Location",""
"passed","Mon Mar 11 07:24:52 UTC 2024","Mon Mar 11 07:24:58 UTC 2024","6331","","My Profile: [FNN-719] Add resume Negative","","My Profile: [FNN-719] Add resume Negative","should add language without levels","should add language without levels",""
"passed","Mon Mar 11 07:36:14 UTC 2024","Mon Mar 11 07:36:28 UTC 2024","13430","","Create Profile: [FNN-684] Create profile Negative","","Create Profile: [FNN-684] Create profile Negative","should create profile without Profile picture","should create profile without Profile picture",""
"skipped","Mon Mar 11 07:41:27 UTC 2024","Mon Mar 11 07:41:27 UTC 2024","0","","[FNN-667] Send contact","","[FNN-667] Send contact","should check the contact as the first user","should check the contact as the first user",""
"passed","Mon Mar 11 06:41:14 UTC 2024","Mon Mar 11 06:42:47 UTC 2024","92441","","Settings: [FNN-674] Change password Positive","","Settings: [FNN-674] Change password Positive","should change password with valid credentials","should change password with valid credentials",""
"failed","Mon Mar 11 07:30:00 UTC 2024","Mon Mar 11 07:32:52 UTC 2024","171732","","My Projects: [FNN-1058] Complete project Negative","","My Projects: [FNN-1058] Complete project Negative","""before all"" hook for [FNN-1058] Complete project Negative","""before all"" hook for [FNN-1058] Complete project Negative",""
"passed","Mon Mar 11 07:29:00 UTC 2024","Mon Mar 11 07:29:51 UTC 2024","50552","","Post Project: [FNN-588] Post project without account Negative","","Post Project: [FNN-588] Post project without account Negative","should post project without passwords matching","should post project without passwords matching",""
"broken","Mon Mar 11 07:37:35 UTC 2024","Mon Mar 11 07:38:11 UTC 2024","36004","","My Network: [FNN-1027] Invite freelancers","","My Network: [FNN-1027] Invite freelancers","should accept an invitation","should accept an invitation",""
"passed","Mon Mar 11 07:21:44 UTC 2024","Mon Mar 11 07:21:58 UTC 2024","13844","","My Profile: [FNN-719] Add resume Negative","","My Profile: [FNN-719] Add resume Negative","should add experience without position","should add experience without position",""
"passed","Mon Mar 11 06:27:42 UTC 2024","Mon Mar 11 06:31:21 UTC 2024","218606","","Upgrade: [FNN-658] Upgrade account Positive","","Upgrade: [FNN-658] Upgrade account Positive","should upgrade account to Business 1 month","should upgrade account to Business 1 month",""
"passed","Mon Mar 11 07:15:25 UTC 2024","Mon Mar 11 07:16:49 UTC 2024","83439","","CR: [FNN-744] CR Subscribe Negative","","CR: [FNN-744] CR Subscribe Negative","should subscribe as CR without sector","should subscribe as CR without sector",""
"passed","Mon Mar 11 06:28:17 UTC 2024","Mon Mar 11 06:28:40 UTC 2024","23220","","My Profile: [FNN-690] Add resume Positive","","My Profile: [FNN-690] Add resume Positive","should add Experience","should add Experience",""
"passed","Mon Mar 11 06:44:18 UTC 2024","Mon Mar 11 06:46:13 UTC 2024","114712","","Settings: [FNN-679] Delete account with subscription","","Settings: [FNN-679] Delete account with subscription","should delete account with subscription","should delete account with subscription",""
"passed","Mon Mar 11 07:20:30 UTC 2024","Mon Mar 11 07:21:39 UTC 2024","69631","","My Profile: [FNN-719] Add resume Negative","","My Profile: [FNN-719] Add resume Negative","should add CV without CV","should add CV without CV",""
"passed","Mon Mar 11 06:22:52 UTC 2024","Mon Mar 11 06:23:05 UTC 2024","13421","","Subscribe: [FNN-577] Subscribe Negative","","Subscribe: [FNN-577] Subscribe Negative","should subscribe without email","should subscribe without email",""
"passed","Mon Mar 11 06:39:13 UTC 2024","Mon Mar 11 06:39:24 UTC 2024","10875","","Post Project: [FNN-649] Post project with account Negative","","Post Project: [FNN-649] Post project with account Negative","should post project without Title","should post project without Title",""
"passed","Mon Mar 11 06:29:13 UTC 2024","Mon Mar 11 06:29:23 UTC 2024","9936","","My Profile: [FNN-690] Add resume Positive","","My Profile: [FNN-690] Add resume Positive","should add Motivation","should add Motivation",""
"passed","Mon Mar 11 07:33:46 UTC 2024","Mon Mar 11 07:35:42 UTC 2024","116204","","Freelancer search: [FNN-815] Freelancer search as non-CR user","","Freelancer search: [FNN-815] Freelancer search as non-CR user","should filter freelancers by Sector","should filter freelancers by Sector",""
"passed","Mon Mar 11 06:51:46 UTC 2024","Mon Mar 11 06:51:52 UTC 2024","6279","","My Network: [FNN-620] Invite manually via email and sms Negative","","My Network: [FNN-620] Invite manually via email and sms Negative","should invite manually via sms without phone number","should invite manually via sms without phone number",""
"skipped","Mon Mar 11 07:38:11 UTC 2024","Mon Mar 11 07:39:15 UTC 2024","64186","","My Network: [FNN-1027] Invite freelancers","","My Network: [FNN-1027] Invite freelancers","should check network as sender user","should check network as sender user",""
"passed","Mon Mar 11 06:51:41 UTC 2024","Mon Mar 11 06:51:46 UTC 2024","4567","","My Network: [FNN-620] Invite manually via email and sms Negative","","My Network: [FNN-620] Invite manually via email and sms Negative","should invite manually via email without data","should invite manually via email without data",""
"failed","Mon Mar 11 07:31:58 UTC 2024","Mon Mar 11 07:32:05 UTC 2024","7396","","Search Project: [FNN-568] Project search","","Search Project: [FNN-568] Project search","should filter projects by Posted since Last 3 days","should filter projects by Posted since Last 3 days",""
"passed","Mon Mar 11 06:28:39 UTC 2024","Mon Mar 11 06:29:19 UTC 2024","39727","","Upgrade: [FNN-659] Upgrade account Negative","","Upgrade: [FNN-659] Upgrade account Negative","should upgrade account to Standard 1 month: Incorrect CVC decline","should upgrade account to Standard 1 month: Incorrect CVC decline",""
"passed","Mon Mar 11 07:19:16 UTC 2024","Mon Mar 11 07:19:21 UTC 2024","4491","","CR: [FNN-751] Invite to the organization manually Negative","","CR: [FNN-751] Invite to the organization manually Negative","should invite manually to the organization without last name","should invite manually to the organization without last name",""
"passed","Mon Mar 11 07:24:24 UTC 2024","Mon Mar 11 07:24:33 UTC 2024","9167","","My Profile: [FNN-719] Add resume Negative","","My Profile: [FNN-719] Add resume Negative","should add certificate without certificate","should add certificate without certificate",""
"failed","Mon Mar 11 07:27:03 UTC 2024","Mon Mar 11 07:28:07 UTC 2024","64548","","My Network: [FNN-1232] Invite manually via email with custom message with signup bonus","","My Network: [FNN-1232] Invite manually via email with custom message with signup bonus","should invite manually via email with valid recipient data and with message","should invite manually via email with valid recipient data and with message",""
"passed","Mon Mar 11 07:28:37 UTC 2024","Mon Mar 11 07:29:00 UTC 2024","23556","","Post Project: [FNN-588] Post project without account Negative","","Post Project: [FNN-588] Post project without account Negative","should post project with short password and repeat password","should post project with short password and repeat password",""
"passed","Mon Mar 11 06:23:19 UTC 2024","Mon Mar 11 06:23:35 UTC 2024","16203","","Subscribe: [FNN-577] Subscribe Negative","","Subscribe: [FNN-577] Subscribe Negative","should subscribe with taken email","should subscribe with taken email",""
"passed","Mon Mar 11 07:22:25 UTC 2024","Mon Mar 11 07:23:05 UTC 2024","39770","","My Profile: [FNN-668] Edit account details Negative","","My Profile: [FNN-668] Edit account details Negative","should edit account details with invalid VAT number","should edit account details with invalid VAT number",""
"broken","Mon Mar 11 07:48:53 UTC 2024","Mon Mar 11 07:53:06 UTC 2024","252644","","My Transactions: [FNN-738] Milestones project: Add milestone. Negative","","My Transactions: [FNN-738] Milestones project: Add milestone. Negative","""before all"" hook for [FNN-738] Milestones project: Add milestone. Negative","""before all"" hook for [FNN-738] Milestones project: Add milestone. Negative",""
"passed","Mon Mar 11 07:19:12 UTC 2024","Mon Mar 11 07:19:16 UTC 2024","4363","","CR: [FNN-751] Invite to the organization manually Negative","","CR: [FNN-751] Invite to the organization manually Negative","should invite manually to the organization without first name","should invite manually to the organization without first name",""
"passed","Mon Mar 11 07:27:32 UTC 2024","Mon Mar 11 07:27:55 UTC 2024","23040","","Post Project: [FNN-588] Post project without account Negative","","Post Project: [FNN-588] Post project without account Negative","should post project with wrong phone number","should post project with wrong phone number",""
"passed","Mon Mar 11 06:58:18 UTC 2024","Mon Mar 11 06:59:27 UTC 2024","69069","","Freelancer search: [FNN-817] Add note","","Freelancer search: [FNN-817] Add note","should add note from the notes popup","should add note from the notes popup",""
"passed","Mon Mar 11 07:17:41 UTC 2024","Mon Mar 11 07:17:56 UTC 2024","15224","","CR: [FNN-744] CR Subscribe Negative","","CR: [FNN-744] CR Subscribe Negative","should subscribe as CR with wrong email format","should subscribe as CR with wrong email format",""
"passed","Mon Mar 11 07:34:27 UTC 2024","Mon Mar 11 07:35:19 UTC 2024","52605","","Create Profile: [FNN-684] Create profile Negative","","Create Profile: [FNN-684] Create profile Negative","should create profile without required fields","should create profile without required fields",""
"passed","Mon Mar 11 07:19:02 UTC 2024","Mon Mar 11 07:19:14 UTC 2024","12561","","CR: [FNN-744] CR Subscribe Negative","","CR: [FNN-744] CR Subscribe Negative","should subscribe as CR without password","should subscribe as CR without password",""
"passed","Mon Mar 11 06:43:44 UTC 2024","Mon Mar 11 06:44:39 UTC 2024","54756","","Settings: [FNN-675] Change password Negative","","Settings: [FNN-675] Change password Negative","should change password with invalid old password","should change password with invalid old password",""
"passed","Mon Mar 11 07:25:10 UTC 2024","Mon Mar 11 07:25:41 UTC 2024","31209","","My Profile: [FNN-719] Add resume Negative","","My Profile: [FNN-719] Add resume Negative","should add language without reading level","should add language without reading level",""
"passed","Mon Mar 11 06:40:06 UTC 2024","Mon Mar 11 06:40:22 UTC 2024","15495","","Post Project: [FNN-649] Post project with account Negative","","Post Project: [FNN-649] Post project with account Negative","should post project without Budget","should post project without Budget",""
"skipped","Mon Mar 11 07:42:44 UTC 2024","Mon Mar 11 07:44:34 UTC 2024","109822","","Freelancer search: [FNN-846] Invite to project","","Freelancer search: [FNN-846] Invite to project","should verify if the ""Assign project"" button is enable","should verify if the ""Assign project"" button is enable",""
"passed","Mon Mar 11 06:23:48 UTC 2024","Mon Mar 11 06:24:03 UTC 2024","14413","","Subscribe: [FNN-577] Subscribe Negative","","Subscribe: [FNN-577] Subscribe Negative","should subscribe with wrong phone number","should subscribe with wrong phone number",""
"passed","Mon Mar 11 07:17:50 UTC 2024","Mon Mar 11 07:19:07 UTC 2024","76139","","CR: [FNN-751] Invite to the organization manually Negative","","CR: [FNN-751] Invite to the organization manually Negative","should invite manually to the organization without email","should invite manually to the organization without email",""
"failed","Mon Mar 11 07:18:09 UTC 2024","Mon Mar 11 07:19:54 UTC 2024","105361","","Subscribe: [FNN-2167] 500 € signup bonus","","Subscribe: [FNN-2167] 500 € signup bonus","should verify 500€ signup bonus","should verify 500€ signup bonus",""
"skipped","Mon Mar 11 07:52:03 UTC 2024","Mon Mar 11 07:52:42 UTC 2024","38887","","CR: [FNN-749] Invite to the organization manually Positive","","CR: [FNN-749] Invite to the organization manually Positive","should check organization page as the inviting user","should check organization page as the inviting user",""
"passed","Mon Mar 11 06:24:20 UTC 2024","Mon Mar 11 06:24:35 UTC 2024","15394","","Subscribe: [FNN-577] Subscribe Negative","","Subscribe: [FNN-577] Subscribe Negative","should subscribe without password","should subscribe without password",""
"passed","Mon Mar 11 06:25:47 UTC 2024","Mon Mar 11 06:26:21 UTC 2024","34375","","Upgrade: [FNN-659] Upgrade account Negative","","Upgrade: [FNN-659] Upgrade account Negative","should upgrade account to Standard 1 month: Generic decline","should upgrade account to Standard 1 month: Generic decline",""
"passed","Mon Mar 11 07:26:47 UTC 2024","Mon Mar 11 07:27:09 UTC 2024","21864","","Post Project: [FNN-588] Post project without account Negative","","Post Project: [FNN-588] Post project without account Negative","should post project without phone number","should post project without phone number",""
"passed","Mon Mar 11 06:22:08 UTC 2024","Mon Mar 11 06:22:11 UTC 2024","2653","","Login: [FNN-563] Log in from the header Negative","","Login: [FNN-563] Log in from the header Negative","should log in without email","should log in without email",""
"passed","Mon Mar 11 06:40:22 UTC 2024","Mon Mar 11 06:40:43 UTC 2024","20809","","Post Project: [FNN-649] Post project with account Negative","","Post Project: [FNN-649] Post project with account Negative","should post project without Work on location","should post project without Work on location",""
"passed","Mon Mar 11 06:23:35 UTC 2024","Mon Mar 11 06:23:48 UTC 2024","13226","","Subscribe: [FNN-577] Subscribe Negative","","Subscribe: [FNN-577] Subscribe Negative","should subscribe without phone number","should subscribe without phone number",""
"passed","Mon Mar 11 06:34:38 UTC 2024","Mon Mar 11 06:36:32 UTC 2024","114394","","My Profile: [FNN-795] Remove portfolio","","My Profile: [FNN-795] Remove portfolio","should remove portfolio","should remove portfolio",""
"passed","Mon Mar 11 06:57:46 UTC 2024","Mon Mar 11 06:57:57 UTC 2024","11165","","Freelancer search: [FNN-816] Create list Functionality","","Freelancer search: [FNN-816] Create list Functionality","should re-open original search","should re-open original search",""
"broken","Mon Mar 11 07:40:48 UTC 2024","Mon Mar 11 07:44:25 UTC 2024","217709","","My Transactions: [FNN-1430] Milestones project: In retrospect. Positive","","My Transactions: [FNN-1430] Milestones project: In retrospect. Positive","""before all"" hook for [FNN-1430] Milestones project: In retrospect. Positive","""before all"" hook for [FNN-1430] Milestones project: In retrospect. Positive",""
"passed","Mon Mar 11 07:00:01 UTC 2024","Mon Mar 11 07:00:12 UTC 2024","10610","","Freelancer search: [FNN-822] Send message","","Freelancer search: [FNN-822] Send message","should check the message as the CR user","should check the message as the CR user",""
"passed","Mon Mar 11 06:28:11 UTC 2024","Mon Mar 11 06:30:19 UTC 2024","127868","","My Profile: [FNN-695] Add portfolio Positive","","My Profile: [FNN-695] Add portfolio Positive","should add portfolio","should add portfolio",""
"broken","Mon Mar 11 07:33:52 UTC 2024","Mon Mar 11 07:38:55 UTC 2024","302953","","My Projects: [FNN-971] Complete project Positive","","My Projects: [FNN-971] Complete project Positive","""before all"" hook for [FNN-971] Complete project Positive","""before all"" hook for [FNN-971] Complete project Positive",""
"passed","Mon Mar 11 06:39:47 UTC 2024","Mon Mar 11 06:40:47 UTC 2024","60207","","Settings: [FNN-672] Change email address Negative","","Settings: [FNN-672] Change email address Negative","should change email address without password","should change email address without password",""
"passed","Mon Mar 11 06:42:19 UTC 2024","Mon Mar 11 06:45:11 UTC 2024","172283","","Settings: [FNN-676] Change profile settings","","Settings: [FNN-676] Change profile settings","it's not possible to contact me through the contact button on my profile","it's not possible to contact me through the contact button on my profile",""
"passed","Mon Mar 11 06:44:45 UTC 2024","Mon Mar 11 06:46:37 UTC 2024","112493","","Settings: [FNN-680] Deactivate profile","","Settings: [FNN-680] Deactivate profile","should deactivate profile","should deactivate profile",""
"passed","Mon Mar 11 06:32:18 UTC 2024","Mon Mar 11 06:34:25 UTC 2024","126979","","My Profile: [FNN-669] Edit account details Positive","","My Profile: [FNN-669] Edit account details Positive","should edit cr account details with valid information","should edit cr account details with valid information",""
"broken","Mon Mar 11 07:49:41 UTC 2024","Mon Mar 11 07:51:57 UTC 2024","136250","","CR: [FNN-749] Invite to the organization manually Positive","","CR: [FNN-749] Invite to the organization manually Positive","should invite manually to the organization with valid recipient details","should invite manually to the organization with valid recipient details",""
"failed","Mon Mar 11 07:26:55 UTC 2024","Mon Mar 11 07:27:56 UTC 2024","61063","","My Profile: [FNN-730] Request reference Negative","","My Profile: [FNN-730] Request reference Negative","should pass step 3 with comments less then 200 chars","should pass step 3 with comments less then 200 chars",""
"passed","Mon Mar 11 07:21:58 UTC 2024","Mon Mar 11 07:22:10 UTC 2024","11669","","My Profile: [FNN-719] Add resume Negative","","My Profile: [FNN-719] Add resume Negative","should add experience without company","should add experience without company",""
"passed","Mon Mar 11 07:28:17 UTC 2024","Mon Mar 11 07:28:37 UTC 2024","19314","","Post Project: [FNN-588] Post project without account Negative","","Post Project: [FNN-588] Post project without account Negative","should post project without repeat password","should post project without repeat password",""
"passed","Mon Mar 11 07:27:55 UTC 2024","Mon Mar 11 07:28:17 UTC 2024","22557","","Post Project: [FNN-588] Post project without account Negative","","Post Project: [FNN-588] Post project without account Negative","should post project without password","should post project without password",""
"failed","Mon Mar 11 07:21:54 UTC 2024","Mon Mar 11 07:22:25 UTC 2024","31253","","My Profile: [FNN-668] Edit account details Negative","","My Profile: [FNN-668] Edit account details Negative","should edit account details with invalid Twitter, LinkedIn and Website urls","should edit account details with invalid Twitter, LinkedIn and Website urls",""
"passed","Mon Mar 11 07:17:56 UTC 2024","Mon Mar 11 07:18:15 UTC 2024","18940","","CR: [FNN-744] CR Subscribe Negative","","CR: [FNN-744] CR Subscribe Negative","should subscribe as CR with taken email","should subscribe as CR with taken email",""
"passed","Mon Mar 11 06:31:42 UTC 2024","Mon Mar 11 06:33:37 UTC 2024","114848","","My Profile: [FNN-713] Confirm phone number Negative","","My Profile: [FNN-713] Confirm phone number Negative","should confirm phone number with invalid code","should confirm phone number with invalid code",""
"passed","Mon Mar 11 07:24:18 UTC 2024","Mon Mar 11 07:24:24 UTC 2024","5515","","My Profile: [FNN-719] Add resume Negative","","My Profile: [FNN-719] Add resume Negative","should add certificate without data","should add certificate without data",""
"broken","Mon Mar 11 07:38:03 UTC 2024","Mon Mar 11 07:41:27 UTC 2024","203438","","[FNN-667] Send contact","","[FNN-667] Send contact","should send a contact","should send a contact",""
"passed","Mon Mar 11 07:24:48 UTC 2024","Mon Mar 11 07:24:56 UTC 2024","8285","","My Profile: [FNN-730] Request reference Negative","","My Profile: [FNN-730] Request reference Negative","should pass step 2 without phone","should pass step 2 without phone",""
"passed","Mon Mar 11 06:59:04 UTC 2024","Mon Mar 11 07:03:14 UTC 2024","249291","","Freelancer search: [FNN-924] Freelancer search as CR user","","Freelancer search: [FNN-924] Freelancer search as CR user","should filter freelancers by Terms","should filter freelancers by Terms",""
"passed","Mon Mar 11 07:24:41 UTC 2024","Mon Mar 11 07:25:47 UTC 2024","65835","","My Network: [FNN-619] Invite manually via sms with signup bonus","","My Network: [FNN-619] Invite manually via sms with signup bonus","should subscribe as the freelancer with recipient details and accept the invitation","should subscribe as the freelancer with recipient details and accept the invitation",""
"passed","Mon Mar 11 06:23:26 UTC 2024","Mon Mar 11 06:23:33 UTC 2024","6072","","Login: [FNN-574] Log in from the Login page Negative","","Login: [FNN-574] Log in from the Login page Negative","should log in with invalid credentials","should log in with invalid credentials",""
"passed","Mon Mar 11 07:21:39 UTC 2024","Mon Mar 11 07:21:44 UTC 2024","5130","","My Profile: [FNN-719] Add resume Negative","","My Profile: [FNN-719] Add resume Negative","should add experience without data","should add experience without data",""
"passed","Mon Mar 11 06:24:14 UTC 2024","Mon Mar 11 06:25:47 UTC 2024","92624","","Upgrade: [FNN-659] Upgrade account Negative","","Upgrade: [FNN-659] Upgrade account Negative","should upgrade account to Standard 1 month without required fields","should upgrade account to Standard 1 month without required fields",""
"passed","Mon Mar 11 07:04:16 UTC 2024","Mon Mar 11 07:04:42 UTC 2024","25735","","Freelancer search: [FNN-924] Freelancer search as CR user","","Freelancer search: [FNN-924] Freelancer search as CR user","should filter freelancers by Hourly Rate","should filter freelancers by Hourly Rate",""
"passed","Mon Mar 11 07:25:05 UTC 2024","Mon Mar 11 07:25:10 UTC 2024","5568","","My Profile: [FNN-719] Add resume Negative","","My Profile: [FNN-719] Add resume Negative","should add language without writing level","should add language without writing level",""
"passed","Mon Mar 11 06:26:57 UTC 2024","Mon Mar 11 06:27:28 UTC 2024","31094","","Upgrade: [FNN-659] Upgrade account Negative","","Upgrade: [FNN-659] Upgrade account Negative","should upgrade account to Standard 1 month: Lost card decline","should upgrade account to Standard 1 month: Lost card decline",""
"passed","Mon Mar 11 07:42:43 UTC 2024","Mon Mar 11 07:43:31 UTC 2024","47785","","[FNN-743] Archive and restore message","","[FNN-743] Archive and restore message","should restore the message","should restore the message",""
"passed","Mon Mar 11 07:35:42 UTC 2024","Mon Mar 11 07:36:22 UTC 2024","39872","","Freelancer search: [FNN-815] Freelancer search as non-CR user","","Freelancer search: [FNN-815] Freelancer search as non-CR user","should filter freelancers by Location","should filter freelancers by Location",""
"broken","Mon Mar 11 07:39:49 UTC 2024","Mon Mar 11 07:42:43 UTC 2024","173960","","[FNN-743] Archive and restore message","","[FNN-743] Archive and restore message","""before all"" hook for [FNN-743] Archive and restore message","""before all"" hook for [FNN-743] Archive and restore message",""
"failed","Mon Mar 11 07:25:54 UTC 2024","Mon Mar 11 07:26:53 UTC 2024","59069","","My Network: [FNN-1233] Invite manually via email without custom message with signup bonus","","My Network: [FNN-1233] Invite manually via email without custom message with signup bonus","should invite manually via email with valid recipient data and without message","should invite manually via email with valid recipient data and without message",""
"broken","Mon Mar 11 07:43:40 UTC 2024","Mon Mar 11 07:48:45 UTC 2024","304230","","My Transactions: [FNN-1432] Milestones project: Start project. Negative","","My Transactions: [FNN-1432] Milestones project: Start project. Negative","""before all"" hook for [FNN-1432] Milestones project: Start project. Negative","""before all"" hook for [FNN-1432] Milestones project: Start project. Negative",""
"passed","Mon Mar 11 06:22:53 UTC 2024","Mon Mar 11 06:23:26 UTC 2024","33900","","Login: [FNN-574] Log in from the Login page Negative","","Login: [FNN-574] Log in from the Login page Negative","should log in with valid email and invalid password","should log in with valid email and invalid password",""
"passed","Mon Mar 11 06:29:33 UTC 2024","Mon Mar 11 06:29:40 UTC 2024","6795","","My Profile: [FNN-690] Add resume Positive","","My Profile: [FNN-690] Add resume Positive","should add Expertise","should add Expertise",""
"passed","Mon Mar 11 06:23:46 UTC 2024","Mon Mar 11 06:25:48 UTC 2024","121696","","Upgrade: [FNN-658] Upgrade account Positive","","Upgrade: [FNN-658] Upgrade account Positive","should upgrade account to Standaard 1 month","should upgrade account to Standaard 1 month",""
"passed","Mon Mar 11 07:24:33 UTC 2024","Mon Mar 11 07:24:43 UTC 2024","9930","","My Profile: [FNN-719] Add resume Negative","","My Profile: [FNN-719] Add resume Negative","should add certificate without organization","should add certificate without organization",""
"passed","Mon Mar 11 06:24:37 UTC 2024","Mon Mar 11 06:24:42 UTC 2024","5037","","Reset password: [FNN-655] Reset password Negative","","Reset password: [FNN-655] Reset password Negative","should reset password with wrong email","should reset password with wrong email",""
"passed","Mon Mar 11 07:28:07 UTC 2024","Mon Mar 11 07:29:12 UTC 2024","64941","","My Network: [FNN-1232] Invite manually via email with custom message with signup bonus","","My Network: [FNN-1232] Invite manually via email with custom message with signup bonus","should subscribe as the freelancer with recipient details and accept the invitation","should subscribe as the freelancer with recipient details and accept the invitation",""
"passed","Mon Mar 11 07:30:56 UTC 2024","Mon Mar 11 07:31:25 UTC 2024","29160","","Search Project: [FNN-568] Project search","","Search Project: [FNN-568] Project search","should filter projects by Fixed price","should filter projects by Fixed price",""
"passed","Mon Mar 11 07:18:43 UTC 2024","Mon Mar 11 07:19:02 UTC 2024","18467","","CR: [FNN-744] CR Subscribe Negative","","CR: [FNN-744] CR Subscribe Negative","should subscribe as CR with taken phone number","should subscribe as CR with taken phone number",""
"passed","Mon Mar 11 06:19:38 UTC 2024","Mon Mar 11 06:20:01 UTC 2024","22425","","Subscribe: [FNN-578] Subscribe Positive","","Subscribe: [FNN-578] Subscribe Positive","should subscribe with valid credentials","should subscribe with valid credentials",""
"passed","Mon Mar 11 06:24:53 UTC 2024","Mon Mar 11 06:26:46 UTC 2024","113398","","Reset password: [FNN-656] Reset password Positive","","Reset password: [FNN-656] Reset password Positive","should reset password with valid credentials","should reset password with valid credentials",""
"passed","Mon Mar 11 06:51:17 UTC 2024","Mon Mar 11 06:51:25 UTC 2024","8055","","My Network: [FNN-620] Invite manually via email and sms Negative","","My Network: [FNN-620] Invite manually via email and sms Negative","should invite manually via email with wrong email format","should invite manually via email with wrong email format",""
"passed","Mon Mar 11 06:29:23 UTC 2024","Mon Mar 11 06:29:33 UTC 2024","9920","","My Profile: [FNN-690] Add resume Positive","","My Profile: [FNN-690] Add resume Positive","should add Qualities","should add Qualities",""
"passed","Mon Mar 11 07:26:15 UTC 2024","Mon Mar 11 07:26:25 UTC 2024","10473","","My Profile: [FNN-730] Request reference Negative","","My Profile: [FNN-730] Request reference Negative","should pass step 3 without 2 rating","should pass step 3 without 2 rating",""
"passed","Mon Mar 11 07:26:35 UTC 2024","Mon Mar 11 07:26:46 UTC 2024","11171","","My Profile: [FNN-730] Request reference Negative","","My Profile: [FNN-730] Request reference Negative","should pass step 3 without 4 rating","should pass step 3 without 4 rating",""
"skipped","Mon Mar 11 07:52:06 UTC 2024","Mon Mar 11 07:52:45 UTC 2024","39252","","CR: [FNN-750] Invite to the organization through search","","CR: [FNN-750] Invite to the organization through search","should check organization page as the inviting user","should check organization page as the inviting user",""
"passed","Mon Mar 11 06:29:55 UTC 2024","Mon Mar 11 06:30:35 UTC 2024","40708","","My Profile: [FNN-690] Add resume Positive","","My Profile: [FNN-690] Add resume Positive","should check the attached part of the resume on the Profile page","should check the attached part of the resume on the Profile page",""
"passed","Mon Mar 11 07:38:55 UTC 2024","Mon Mar 11 07:40:37 UTC 2024","101440","","My Projects: [FNN-971] Complete project Positive","","My Projects: [FNN-971] Complete project Positive","should check review as freelancer user","should check review as freelancer user",""
"passed","Mon Mar 11 06:31:21 UTC 2024","Mon Mar 11 06:34:24 UTC 2024","183044","","Upgrade: [FNN-658] Upgrade account Positive","","Upgrade: [FNN-658] Upgrade account Positive","should upgrade account to Enterprise 1 month","should upgrade account to Enterprise 1 month",""
"passed","Mon Mar 11 06:28:04 UTC 2024","Mon Mar 11 06:28:39 UTC 2024","34365","","Upgrade: [FNN-659] Upgrade account Negative","","Upgrade: [FNN-659] Upgrade account Negative","should upgrade account to Standard 1 month: Expired card decline","should upgrade account to Standard 1 month: Expired card decline",""
"passed","Mon Mar 11 06:26:58 UTC 2024","Mon Mar 11 06:28:17 UTC 2024","79502","","My Profile: [FNN-690] Add resume Positive","","My Profile: [FNN-690] Add resume Positive","should add CV","should add CV",""
"passed","Mon Mar 11 07:24:43 UTC 2024","Mon Mar 11 07:24:52 UTC 2024","8963","","My Profile: [FNN-719] Add resume Negative","","My Profile: [FNN-719] Add resume Negative","should add certificate without achieved annual","should add certificate without achieved annual",""
"passed","Mon Mar 11 07:35:19 UTC 2024","Mon Mar 11 07:35:33 UTC 2024","13757","","Create Profile: [FNN-684] Create profile Negative","","Create Profile: [FNN-684] Create profile Negative","should create profile without City","should create profile without City",""
"failed","Mon Mar 11 07:23:38 UTC 2024","Mon Mar 11 07:24:41 UTC 2024","63277","","My Network: [FNN-619] Invite manually via sms with signup bonus","","My Network: [FNN-619] Invite manually via sms with signup bonus","should invite manually via sms with valid recipient details","should invite manually via sms with valid recipient details",""
"failed","Mon Mar 11 07:27:57 UTC 2024","Mon Mar 11 07:29:17 UTC 2024","80515","","My Network: [FNN-1233] Invite manually via email without custom message with signup bonus","","My Network: [FNN-1233] Invite manually via email without custom message with signup bonus","should check My Dashboard and My Transactions page for the signup bonus as the inviter user","should check My Dashboard and My Transactions page for the signup bonus as the inviter user",""
"passed","Mon Mar 11 06:24:28 UTC 2024","Mon Mar 11 06:24:37 UTC 2024","8372","","Reset password: [FNN-655] Reset password Negative","","Reset password: [FNN-655] Reset password Negative","should reset password without data","should reset password without data",""
"passed","Mon Mar 11 07:36:28 UTC 2024","Mon Mar 11 07:37:20 UTC 2024","52231","","Create Profile: [FNN-684] Create profile Negative","","Create Profile: [FNN-684] Create profile Negative","should create profile without Description of yourself","should create profile without Description of yourself",""
"passed","Mon Mar 11 06:24:03 UTC 2024","Mon Mar 11 06:24:20 UTC 2024","16759","","Subscribe: [FNN-577] Subscribe Negative","","Subscribe: [FNN-577] Subscribe Negative","should subscribe with taken phone number","should subscribe with taken phone number",""
"passed","Mon Mar 11 07:19:41 UTC 2024","Mon Mar 11 07:19:55 UTC 2024","14609","","CR: [FNN-744] CR Subscribe Negative","","CR: [FNN-744] CR Subscribe Negative","should subscribe as CR with invalid repeat password","should subscribe as CR with invalid repeat password",""
"passed","Mon Mar 11 07:18:29 UTC 2024","Mon Mar 11 07:18:43 UTC 2024","14453","","CR: [FNN-744] CR Subscribe Negative","","CR: [FNN-744] CR Subscribe Negative","should subscribe as CR with wrong phone number","should subscribe as CR with wrong phone number",""
"failed","Mon Mar 11 07:35:33 UTC 2024","Mon Mar 11 07:36:14 UTC 2024","41288","","Create Profile: [FNN-684] Create profile Negative","","Create Profile: [FNN-684] Create profile Negative","should create profile with wrong website","should create profile with wrong website",""
"passed","Mon Mar 11 07:17:16 UTC 2024","Mon Mar 11 07:17:29 UTC 2024","12826","","CR: [FNN-744] CR Subscribe Negative","","CR: [FNN-744] CR Subscribe Negative","should subscribe as CR without last name","should subscribe as CR without last name",""
"passed","Mon Mar 11 06:23:45 UTC 2024","Mon Mar 11 06:24:20 UTC 2024","34806","","Login: [FNN-574] Log in from the Login page Negative","","Login: [FNN-574] Log in from the Login page Negative","should log in without credentials","should log in without credentials",""
"passed","Mon Mar 11 06:23:33 UTC 2024","Mon Mar 11 06:23:38 UTC 2024","5827","","Login: [FNN-574] Log in from the Login page Negative","","Login: [FNN-574] Log in from the Login page Negative","should log in with wrong email format","should log in with wrong email format",""
"broken","Mon Mar 11 07:25:39 UTC 2024","Mon Mar 11 07:33:41 UTC 2024","481858","","My Profile: [FNN-699] Request reference Positive","","My Profile: [FNN-699] Request reference Positive","should check the validated reference","should check the validated reference",""
"broken","Mon Mar 11 07:38:13 UTC 2024","Mon Mar 11 07:39:41 UTC 2024","87547","","[FNN-813] Change language","","[FNN-813] Change language","should change language to Dutch from the footer","should change language to Dutch from the footer",""
"failed","Mon Mar 11 07:32:05 UTC 2024","Mon Mar 11 07:32:15 UTC 2024","10226","","Search Project: [FNN-568] Project search","","Search Project: [FNN-568] Project search","should filter projects by Posted since Last 7 days","should filter projects by Posted since Last 7 days",""
"passed","Mon Mar 11 06:21:02 UTC 2024","Mon Mar 11 06:21:58 UTC 2024","55390","","Login: [FNN-563] Log in from the header Negative","","Login: [FNN-563] Log in from the header Negative","should log in with valid email and invalid password","should log in with valid email and invalid password",""
"broken","Mon Mar 11 07:20:44 UTC 2024","Mon Mar 11 07:23:25 UTC 2024","161459","","Post Project: [FNN-587] Post project with account Positive","","Post Project: [FNN-587] Post project with account Positive","should post a project as a registered user with valid project data","should post a project as a registered user with valid project data",""
"passed","Mon Mar 11 06:50:23 UTC 2024","Mon Mar 11 06:51:17 UTC 2024","53646","","My Network: [FNN-620] Invite manually via email and sms Negative","","My Network: [FNN-620] Invite manually via email and sms Negative","should invite manually via email without email","should invite manually via email without email",""
"passed","Mon Mar 11 06:44:27 UTC 2024","Mon Mar 11 06:44:32 UTC 2024","4338","","Settings: [FNN-678] Delete account without subscription","","Settings: [FNN-678] Delete account without subscription","should receive a ""account deleted"" letter","should receive a ""account deleted"" letter",""
"passed","Mon Mar 11 07:02:52 UTC 2024","Mon Mar 11 07:04:16 UTC 2024","84164","","[FNN-717] Edit email settings","","[FNN-717] Edit email settings","should edit Email settings and verify that the settings are saved","should edit Email settings and verify that the settings are saved",""
"skipped","Mon Mar 11 07:41:27 UTC 2024","Mon Mar 11 07:41:27 UTC 2024","5","","[FNN-667] Send contact","","[FNN-667] Send contact","should forward the contact request","should forward the contact request",""
"passed","Mon Mar 11 07:19:55 UTC 2024","Mon Mar 11 07:20:11 UTC 2024","15585","","CR: [FNN-744] CR Subscribe Negative","","CR: [FNN-744] CR Subscribe Negative","should subscribe as CR without agreeing to the Terms and Conditions","should subscribe as CR without agreeing to the Terms and Conditions",""
"passed","Mon Mar 11 06:39:24 UTC 2024","Mon Mar 11 06:39:39 UTC 2024","14694","","Post Project: [FNN-649] Post project with account Negative","","Post Project: [FNN-649] Post project with account Negative","should post project with short Title","should post project with short Title",""
"passed","Mon Mar 11 06:42:05 UTC 2024","Mon Mar 11 06:42:53 UTC 2024","48626","","Settings: [FNN-675] Change password Negative","","Settings: [FNN-675] Change password Negative","should change password without new and repeat password","should change password without new and repeat password",""
"passed","Mon Mar 11 07:22:10 UTC 2024","Mon Mar 11 07:22:21 UTC 2024","10883","","My Profile: [FNN-719] Add resume Negative","","My Profile: [FNN-719] Add resume Negative","should add experience without period from  ","should add experience without period from  ",""
"passed","Mon Mar 11 07:25:35 UTC 2024","Mon Mar 11 07:25:53 UTC 2024","18188","","My Profile: [FNN-730] Request reference Negative","","My Profile: [FNN-730] Request reference Negative","should pass step 3 without data","should pass step 3 without data",""
"passed","Mon Mar 11 06:58:01 UTC 2024","Mon Mar 11 06:58:18 UTC 2024","17097","","Freelancer search: [FNN-817] Add note","","Freelancer search: [FNN-817] Add note","should add a note via the action ""Add note""","should add a note via the action ""Add note""",""
"passed","Mon Mar 11 06:42:11 UTC 2024","Mon Mar 11 06:43:09 UTC 2024","58596","","Post Project: [FNN-649] Post project with account Negative","","Post Project: [FNN-649] Post project with account Negative","should post project with short Description","should post project with short Description",""
"passed","Mon Mar 11 07:23:18 UTC 2024","Mon Mar 11 07:25:17 UTC 2024","118214","","My Profile: [FNN-699] Request reference Positive","","My Profile: [FNN-699] Request reference Positive","should add experience and request reference","should add experience and request reference",""
"passed","Mon Mar 11 07:39:24 UTC 2024","Mon Mar 11 07:43:26 UTC 2024","241579","","[FNN-661] Send interest","","[FNN-661] Send interest","should send interest in the employer's project","should send interest in the employer's project",""
"failed","Mon Mar 11 07:23:18 UTC 2024","Mon Mar 11 07:23:49 UTC 2024","31494","","My Profile: [FNN-719] Add resume Negative","","My Profile: [FNN-719] Add resume Negative","should add education without period from","should add education without period from",""
"passed","Mon Mar 11 06:33:44 UTC 2024","Mon Mar 11 06:34:18 UTC 2024","33716","","My Profile: [FNN-718] Add portfolio Negative","","My Profile: [FNN-718] Add portfolio Negative","should add portfolio without Type","should add portfolio without Type",""
"passed","Mon Mar 11 07:22:21 UTC 2024","Mon Mar 11 07:22:36 UTC 2024","15046","","My Profile: [FNN-719] Add resume Negative","","My Profile: [FNN-719] Add resume Negative","should add experience without period until","should add experience without period until",""
"passed","Mon Mar 11 07:26:53 UTC 2024","Mon Mar 11 07:27:57 UTC 2024","63980","","My Network: [FNN-1233] Invite manually via email without custom message with signup bonus","","My Network: [FNN-1233] Invite manually via email without custom message with signup bonus","should subscribe as the freelancer with recipient details and accept the invitation","should subscribe as the freelancer with recipient details and accept the invitation",""
"passed","Mon Mar 11 07:19:22 UTC 2024","Mon Mar 11 07:20:04 UTC 2024","41302","","CR: [FNN-751] Invite to the organization manually Negative","","CR: [FNN-751] Invite to the organization manually Negative","should invite manually to the organization without role","should invite manually to the organization without role",""
"passed","Mon Mar 11 06:42:53 UTC 2024","Mon Mar 11 06:43:18 UTC 2024","24613","","Settings: [FNN-675] Change password Negative","","Settings: [FNN-675] Change password Negative","should change password with short new password","should change password with short new password",""
"passed","Mon Mar 11 06:25:36 UTC 2024","Mon Mar 11 06:26:14 UTC 2024","37600","","Subscribe: [FNN-577] Subscribe Negative","","Subscribe: [FNN-577] Subscribe Negative","should subscribe without data","should subscribe without data",""
"passed","Mon Mar 11 06:38:30 UTC 2024","Mon Mar 11 06:39:13 UTC 2024","42957","","Post Project: [FNN-649] Post project with account Negative","","Post Project: [FNN-649] Post project with account Negative","should post project without step 1","should post project without step 1",""
"passed","Mon Mar 11 06:26:21 UTC 2024","Mon Mar 11 06:26:57 UTC 2024","36344","","Upgrade: [FNN-659] Upgrade account Negative","","Upgrade: [FNN-659] Upgrade account Negative","should upgrade account to Standard 1 month: Insufficient funds decline","should upgrade account to Standard 1 month: Insufficient funds decline",""
"passed","Mon Mar 11 07:04:16 UTC 2024","Mon Mar 11 07:05:01 UTC 2024","44233","","[FNN-717] Edit email settings","","[FNN-717] Edit email settings","should edit Notification settings and verify that the settings are saved","should edit Notification settings and verify that the settings are saved",""
"passed","Mon Mar 11 07:03:14 UTC 2024","Mon Mar 11 07:03:40 UTC 2024","26416","","Freelancer search: [FNN-924] Freelancer search as CR user","","Freelancer search: [FNN-924] Freelancer search as CR user","should filter freelancers by Category","should filter freelancers by Category",""
"passed","Mon Mar 11 07:24:56 UTC 2024","Mon Mar 11 07:25:03 UTC 2024","6817","","My Profile: [FNN-730] Request reference Negative","","My Profile: [FNN-730] Request reference Negative","should pass step 2 without picture","should pass step 2 without picture",""
"passed","Mon Mar 11 06:25:48 UTC 2024","Mon Mar 11 06:27:42 UTC 2024","114509","","Upgrade: [FNN-658] Upgrade account Positive","","Upgrade: [FNN-658] Upgrade account Positive","should upgrade account to Premium 1 month","should upgrade account to Premium 1 month",""
"passed","Mon Mar 11 07:08:01 UTC 2024","Mon Mar 11 07:08:37 UTC 2024","35511","","Freelancer search: [FNN-924] Freelancer search as CR user","","Freelancer search: [FNN-924] Freelancer search as CR user","should filter freelancers by Minimum references","should filter freelancers by Minimum references",""
"passed","Mon Mar 11 06:19:39 UTC 2024","Mon Mar 11 06:20:45 UTC 2024","66335","","Login: [FNN-647] Log in from the header Positive","","Login: [FNN-647] Log in from the header Positive","should log in with valid credentials","should log in with valid credentials",""
"failed","Mon Mar 11 07:21:37 UTC 2024","Mon Mar 11 07:23:25 UTC 2024","108691","","Post Project: [FNN-650] Post project without account Positive","","Post Project: [FNN-650] Post project without account Positive","should post a project as an unregistered user with valid project data","should post a project as an unregistered user with valid project data",""
"passed","Mon Mar 11 07:24:58 UTC 2024","Mon Mar 11 07:25:05 UTC 2024","6531","","My Profile: [FNN-719] Add resume Negative","","My Profile: [FNN-719] Add resume Negative","should add language without speaking level","should add language without speaking level",""
"passed","Mon Mar 11 06:28:54 UTC 2024","Mon Mar 11 06:29:13 UTC 2024","18562","","My Profile: [FNN-690] Add resume Positive","","My Profile: [FNN-690] Add resume Positive","should add Certificate","should add Certificate",""
"passed","Mon Mar 11 06:41:47 UTC 2024","Mon Mar 11 06:42:11 UTC 2024","24146","","Post Project: [FNN-649] Post project with account Negative","","Post Project: [FNN-649] Post project with account Negative","should post project without Description","should post project without Description",""
"passed","Mon Mar 11 06:27:28 UTC 2024","Mon Mar 11 06:28:04 UTC 2024","36032","","Upgrade: [FNN-659] Upgrade account Negative","","Upgrade: [FNN-659] Upgrade account Negative","should upgrade account to Standard 1 month: Stolen card decline","should upgrade account to Standard 1 month: Stolen card decline",""
"passed","Mon Mar 11 07:19:07 UTC 2024","Mon Mar 11 07:19:12 UTC 2024","5490","","CR: [FNN-751] Invite to the organization manually Negative","","CR: [FNN-751] Invite to the organization manually Negative","should invite manually via email with wrong email format","should invite manually via email with wrong email format",""
"broken","Mon Mar 11 07:36:48 UTC 2024","Mon Mar 11 07:37:54 UTC 2024","66210","","My Network: [FNN-664] Invite freelancer","","My Network: [FNN-664] Invite freelancer","should check network as sender user","should check network as sender user",""
"passed","Mon Mar 11 07:17:02 UTC 2024","Mon Mar 11 07:17:16 UTC 2024","14214","","CR: [FNN-744] CR Subscribe Negative","","CR: [FNN-744] CR Subscribe Negative","should subscribe as CR without first name","should subscribe as CR without first name",""
"passed","Mon Mar 11 06:41:05 UTC 2024","Mon Mar 11 06:41:25 UTC 2024","19986","","Post Project: [FNN-649] Post project with account Negative","","Post Project: [FNN-649] Post project with account Negative","should post project without Start date","should post project without Start date",""
"broken","Mon Mar 11 07:51:54 UTC 2024","Mon Mar 11 07:52:06 UTC 2024","11946","","CR: [FNN-750] Invite to the organization through search","","CR: [FNN-750] Invite to the organization through search","should accept invitation","should accept invitation",""
"passed","Mon Mar 11 06:34:37 UTC 2024","Mon Mar 11 06:37:01 UTC 2024","144175","","My Profile: [FNN-793] Remove resume","","My Profile: [FNN-793] Remove resume","should remove resume","should remove resume",""
"broken","Mon Mar 11 07:36:19 UTC 2024","Mon Mar 11 07:36:48 UTC 2024","28889","","My Network: [FNN-664] Invite freelancer","","My Network: [FNN-664] Invite freelancer","should accept an invitation","should accept an invitation",""
"failed","Mon Mar 11 07:20:07 UTC 2024","Mon Mar 11 07:22:37 UTC 2024","149047","","CR: [FNN-1779] My Dashboard page integrity as Employer","","CR: [FNN-1779] My Dashboard page integrity as Employer","should verify the integrity of the My Dashboard page as employer","should verify the integrity of the My Dashboard page as employer",""
"passed","Mon Mar 11 06:32:39 UTC 2024","Mon Mar 11 06:33:44 UTC 2024","65006","","My Profile: [FNN-718] Add portfolio Negative","","My Profile: [FNN-718] Add portfolio Negative","should add portfolio without data","should add portfolio without data",""
"passed","Mon Mar 11 06:21:58 UTC 2024","Mon Mar 11 06:22:04 UTC 2024","6739","","Login: [FNN-563] Log in from the header Negative","","Login: [FNN-563] Log in from the header Negative","should log in with invalid credentials","should log in with invalid credentials",""
"passed","Mon Mar 11 07:26:01 UTC 2024","Mon Mar 11 07:26:23 UTC 2024","21810","","Post Project: [FNN-588] Post project without account Negative","","Post Project: [FNN-588] Post project without account Negative","should post project with wrong email","should post project with wrong email",""
"passed","Mon Mar 11 07:20:11 UTC 2024","Mon Mar 11 07:20:15 UTC 2024","3925","","CR: [FNN-744] CR Subscribe Negative","","CR: [FNN-744] CR Subscribe Negative","should subscribe as CR without data","should subscribe as CR without data",""
"skipped","Mon Mar 11 07:44:10 UTC 2024","Mon Mar 11 07:45:55 UTC 2024","104885","","[FNN-661] Send interest","","[FNN-661] Send interest","should check if the freelancer user on the project","should check if the freelancer user on the project",""
"passed","Mon Mar 11 06:57:43 UTC 2024","Mon Mar 11 07:00:01 UTC 2024","137548","","Freelancer search: [FNN-822] Send message","","Freelancer search: [FNN-822] Send message","should send a message via the ""Send message"" action","should send a message via the ""Send message"" action",""
"broken","Mon Mar 11 07:44:40 UTC 2024","Mon Mar 11 07:49:38 UTC 2024","297601","","My Transactions: [FNN-708] Hourly project: In advance. Positive","","My Transactions: [FNN-708] Hourly project: In advance. Positive","""before all"" hook for [FNN-708] Hourly project: In advance. Positive","""before all"" hook for [FNN-708] Hourly project: In advance. Positive",""
"passed","Mon Mar 11 06:30:26 UTC 2024","Mon Mar 11 06:31:32 UTC 2024","66312","","Upgrade: [FNN-659] Upgrade account Negative","","Upgrade: [FNN-659] Upgrade account Negative","should upgrade account to Standard 1 month: Exceeding velocity limit decline","should upgrade account to Standard 1 month: Exceeding velocity limit decline",""
"passed","Mon Mar 11 07:20:17 UTC 2024","Mon Mar 11 07:21:43 UTC 2024","86514","","My Profile: [FNN-668] Edit account details Negative","","My Profile: [FNN-668] Edit account details Negative","should edit account details without required fields","should edit account details without required fields",""
"passed","Mon Mar 11 07:27:09 UTC 2024","Mon Mar 11 07:27:32 UTC 2024","22673","","Post Project: [FNN-588] Post project without account Negative","","Post Project: [FNN-588] Post project without account Negative","should post project with taken phone number","should post project with taken phone number",""
"passed","Mon Mar 11 07:31:04 UTC 2024","Mon Mar 11 07:31:34 UTC 2024","30232","","My Projects: [FNN-1093] Pause project","","My Projects: [FNN-1093] Pause project","should verify status of the project as unregistered user","should verify status of the project as unregistered user",""
"passed","Mon Mar 11 06:23:42 UTC 2024","Mon Mar 11 06:23:45 UTC 2024","3432","","Login: [FNN-574] Log in from the Login page Negative","","Login: [FNN-574] Log in from the Login page Negative","should log in without password","should log in without password",""
"skipped","Mon Mar 11 06:20:01 UTC 2024","Mon Mar 11 06:20:01 UTC 2024","1","","Subscribe: [FNN-578] Subscribe Positive","","Subscribe: [FNN-578] Subscribe Positive","should verify the Welcome letter","should verify the Welcome letter",""
"passed","Mon Mar 11 06:40:43 UTC 2024","Mon Mar 11 06:41:05 UTC 2024","22462","","Post Project: [FNN-649] Post project with account Negative","","Post Project: [FNN-649] Post project with account Negative","should post project without Location","should post project without Location",""
"passed","Mon Mar 11 06:51:52 UTC 2024","Mon Mar 11 06:51:59 UTC 2024","6915","","My Network: [FNN-620] Invite manually via email and sms Negative","","My Network: [FNN-620] Invite manually via email and sms Negative","should invite manually via sms with invalid phone number","should invite manually via sms with invalid phone number",""
"passed","Mon Mar 11 07:19:21 UTC 2024","Mon Mar 11 07:19:22 UTC 2024","1279","","CR: [FNN-751] Invite to the organization manually Negative","","CR: [FNN-751] Invite to the organization manually Negative","should invite manually to the organization without first step","should invite manually to the organization without first step",""
"passed","Mon Mar 11 07:00:12 UTC 2024","Mon Mar 11 07:01:12 UTC 2024","60439","","Freelancer search: [FNN-822] Send message","","Freelancer search: [FNN-822] Send message","should check the message as the freelancer user","should check the message as the freelancer user",""
"passed","Mon Mar 11 07:23:37 UTC 2024","Mon Mar 11 07:24:52 UTC 2024","74716","","Post Project: [FNN-588] Post project without account Negative","","Post Project: [FNN-588] Post project without account Negative","should post project without account details","should post project without account details",""
"passed","Mon Mar 11 07:21:48 UTC 2024","Mon Mar 11 07:21:54 UTC 2024","6127","","My Profile: [FNN-668] Edit account details Negative","","My Profile: [FNN-668] Edit account details Negative","should edit account details with invalid phone number","should edit account details with invalid phone number",""
"passed","Mon Mar 11 06:51:25 UTC 2024","Mon Mar 11 06:51:33 UTC 2024","7508","","My Network: [FNN-620] Invite manually via email and sms Negative","","My Network: [FNN-620] Invite manually via email and sms Negative","should invite manually via email without first name","should invite manually via email without first name",""
"passed","Mon Mar 11 07:30:41 UTC 2024","Mon Mar 11 07:37:35 UTC 2024","414190","","My Network: [FNN-1027] Invite freelancers","","My Network: [FNN-1027] Invite freelancers","should invite multiple freelancers","should invite multiple freelancers",""
"passed","Mon Mar 11 07:31:41 UTC 2024","Mon Mar 11 07:36:19 UTC 2024","278311","","My Network: [FNN-664] Invite freelancer","","My Network: [FNN-664] Invite freelancer","should invite freelancer","should invite freelancer",""
"passed","Mon Mar 11 07:24:52 UTC 2024","Mon Mar 11 07:25:18 UTC 2024","26120","","Post Project: [FNN-588] Post project without account Negative","","Post Project: [FNN-588] Post project without account Negative","should post project without first name","should post project without first name",""
"passed","Mon Mar 11 07:25:18 UTC 2024","Mon Mar 11 07:25:37 UTC 2024","19494","","Post Project: [FNN-588] Post project without account Negative","","Post Project: [FNN-588] Post project without account Negative","should post project without last name","should post project without last name",""
"passed","Mon Mar 11 07:31:25 UTC 2024","Mon Mar 11 07:31:44 UTC 2024","19135","","Search Project: [FNN-568] Project search","","Search Project: [FNN-568] Project search","should filter projects by Hourly rate","should filter projects by Hourly rate",""
"skipped","Mon Mar 11 06:20:01 UTC 2024","Mon Mar 11 06:20:25 UTC 2024","24357","","Subscribe: [FNN-578] Subscribe Positive","","Subscribe: [FNN-578] Subscribe Positive","should verify the Verify email letter","should verify the Verify email letter",""
"skipped","Mon Mar 11 07:41:27 UTC 2024","Mon Mar 11 07:42:16 UTC 2024","49504","","[FNN-667] Send contact","","[FNN-667] Send contact","should check the contact as the second user","should check the contact as the second user",""
"passed","Mon Mar 11 07:19:27 UTC 2024","Mon Mar 11 07:19:41 UTC 2024","13413","","CR: [FNN-744] CR Subscribe Negative","","CR: [FNN-744] CR Subscribe Negative","should subscribe as CR with short password","should subscribe as CR with short password",""
"failed","Mon Mar 11 07:29:22 UTC 2024","Mon Mar 11 07:31:04 UTC 2024","102486","","My Projects: [FNN-1093] Pause project","","My Projects: [FNN-1093] Pause project","""before all"" hook for [FNN-1093] Pause project","""before all"" hook for [FNN-1093] Pause project",""
"passed","Mon Mar 11 06:51:33 UTC 2024","Mon Mar 11 06:51:41 UTC 2024","8398","","My Network: [FNN-620] Invite manually via email and sms Negative","","My Network: [FNN-620] Invite manually via email and sms Negative","should invite manually via email without last name","should invite manually via email without last name",""
"passed","Mon Mar 11 07:25:37 UTC 2024","Mon Mar 11 07:26:01 UTC 2024","23712","","Post Project: [FNN-588] Post project without account Negative","","Post Project: [FNN-588] Post project without account Negative","should post project without email","should post project without email",""
"passed","Mon Mar 11 07:32:15 UTC 2024","Mon Mar 11 07:32:26 UTC 2024","11267","","Search Project: [FNN-568] Project search","","Search Project: [FNN-568] Project search","should filter projects by Posted since Last 30 days","should filter projects by Posted since Last 30 days",""
"passed","Mon Mar 11 06:29:19 UTC 2024","Mon Mar 11 06:29:54 UTC 2024","35157","","Upgrade: [FNN-659] Upgrade account Negative","","Upgrade: [FNN-659] Upgrade account Negative","should upgrade account to Standard 1 month: Processing error decline","should upgrade account to Standard 1 month: Processing error decline",""
"passed","Mon Mar 11 07:36:22 UTC 2024","Mon Mar 11 07:36:54 UTC 2024","32423","","Freelancer search: [FNN-815] Freelancer search as non-CR user","","Freelancer search: [FNN-815] Freelancer search as non-CR user","should filter freelancers by Hourly Rate","should filter freelancers by Hourly Rate",""
"passed","Mon Mar 11 06:55:17 UTC 2024","Mon Mar 11 06:58:01 UTC 2024","163863","","Freelancer search: [FNN-817] Add note","","Freelancer search: [FNN-817] Add note","should add a note via the note button","should add a note via the note button",""
"broken","Mon Mar 11 07:44:38 UTC 2024","Mon Mar 11 07:49:33 UTC 2024","295104","","My Transactions: [FNN-1439] Hourly project: Add time. Negative","","My Transactions: [FNN-1439] Hourly project: Add time. Negative","""before all"" hook for [FNN-1439] Hourly project: Add time. Negative","""before all"" hook for [FNN-1439] Hourly project: Add time. Negative",""
"passed","Mon Mar 11 07:31:51 UTC 2024","Mon Mar 11 07:31:58 UTC 2024","6288","","Search Project: [FNN-568] Project search","","Search Project: [FNN-568] Project search","should filter projects by Status Open projects","should filter projects by Status Open projects",""
"failed","Mon Mar 11 07:42:27 UTC 2024","Mon Mar 11 07:44:26 UTC 2024","119248","","My Transactions: [FNN-1431] Hourly project: In retrospect. Positive","","My Transactions: [FNN-1431] Hourly project: In retrospect. Positive","""before all"" hook for [FNN-1431] Hourly project: In retrospect. Positive","""before all"" hook for [FNN-1431] Hourly project: In retrospect. Positive",""
"failed","Mon Mar 11 07:37:36 UTC 2024","Mon Mar 11 07:42:44 UTC 2024","307940","","Freelancer search: [FNN-846] Invite to project","","Freelancer search: [FNN-846] Invite to project","should invite to a project via the ""Invite to project"" action","should invite to a project via the ""Invite to project"" action",""
"passed","Mon Mar 11 06:30:30 UTC 2024","Mon Mar 11 06:32:28 UTC 2024","118218","","My Profile: [FNN-698] Confirm phone number Positive","","My Profile: [FNN-698] Confirm phone number Positive","should confirm phone number with valid code","should confirm phone number with valid code",""
"passed","Mon Mar 11 06:24:48 UTC 2024","Mon Mar 11 06:25:05 UTC 2024","16923","","Subscribe: [FNN-577] Subscribe Negative","","Subscribe: [FNN-577] Subscribe Negative","should subscribe with short password","should subscribe with short password",""
"passed","Mon Mar 11 06:29:05 UTC 2024","Mon Mar 11 06:32:18 UTC 2024","193720","","My Profile: [FNN-669] Edit account details Positive","","My Profile: [FNN-669] Edit account details Positive","should edit employer account details with valid information","should edit employer account details with valid information",""
"passed","Mon Mar 11 06:51:59 UTC 2024","Mon Mar 11 06:52:39 UTC 2024","40314","","My Network: [FNN-620] Invite manually via email and sms Negative","","My Network: [FNN-620] Invite manually via email and sms Negative","should invite manually via sms without data","should invite manually via sms without data",""
"passed","Mon Mar 11 06:22:14 UTC 2024","Mon Mar 11 06:22:48 UTC 2024","33785","","Login: [FNN-563] Log in from the header Negative","","Login: [FNN-563] Log in from the header Negative","should log in without credentials","should log in without credentials",""
"passed","Mon Mar 11 06:39:39 UTC 2024","Mon Mar 11 06:39:50 UTC 2024","11250","","Post Project: [FNN-649] Post project with account Negative","","Post Project: [FNN-649] Post project with account Negative","should post project without Category","should post project without Category",""
"passed","Mon Mar 11 06:40:47 UTC 2024","Mon Mar 11 06:41:06 UTC 2024","18918","","Settings: [FNN-672] Change email address Negative","","Settings: [FNN-672] Change email address Negative","should change email address with invalid email format","should change email address with invalid email format",""
"failed","Mon Mar 11 07:19:14 UTC 2024","Mon Mar 11 07:21:29 UTC 2024","135113","","CR: [FNN-1888] My Dashboard page integrity as Freelancer","","CR: [FNN-1888] My Dashboard page integrity as Freelancer","should verify the integrity of the My Dashboard page as freelancer","should verify the integrity of the My Dashboard page as freelancer",""
"passed","Mon Mar 11 07:30:27 UTC 2024","Mon Mar 11 07:30:43 UTC 2024","15244","","Search Project: [FNN-568] Project search","","Search Project: [FNN-568] Project search","should filter projects by Search terms","should filter projects by Search terms",""
"failed","Mon Mar 11 07:25:17 UTC 2024","Mon Mar 11 07:25:39 UTC 2024","22067","","My Profile: [FNN-699] Request reference Positive","","My Profile: [FNN-699] Request reference Positive","should validate reference","should validate reference",""
"passed","Mon Mar 11 06:44:49 UTC 2024","Mon Mar 11 06:46:39 UTC 2024","110048","","Settings: [FNN-808] Cancel downgrade","","Settings: [FNN-808] Cancel downgrade","should cancel downgrade","should cancel downgrade",""
"passed","Mon Mar 11 06:45:11 UTC 2024","Mon Mar 11 06:46:36 UTC 2024","84719","","Settings: [FNN-676] Change profile settings","","Settings: [FNN-676] Change profile settings","i don't want to display my profile in the database","i don't want to display my profile in the database",""
"passed","Mon Mar 11 06:42:56 UTC 2024","Mon Mar 11 06:44:36 UTC 2024","99851","","Settings: [FNN-677] Downgrade to ""Stand-by Standaard""","","Settings: [FNN-677] Downgrade to ""Stand-by Standaard""","should downgrade to ""Stand-by Standaard""","should downgrade to ""Stand-by Standaard""",""
"passed","Mon Mar 11 07:24:31 UTC 2024","Mon Mar 11 07:24:40 UTC 2024","8984","","My Profile: [FNN-730] Request reference Negative","","My Profile: [FNN-730] Request reference Negative","should pass step 2 without first name","should pass step 2 without first name",""
"passed","Mon Mar 11 06:54:58 UTC 2024","Mon Mar 11 06:57:46 UTC 2024","167418","","Freelancer search: [FNN-816] Create list Functionality","","Freelancer search: [FNN-816] Create list Functionality","should create a list of freelancers","should create a list of freelancers",""
"passed","Mon Mar 11 07:24:40 UTC 2024","Mon Mar 11 07:24:48 UTC 2024","8450","","My Profile: [FNN-730] Request reference Negative","","My Profile: [FNN-730] Request reference Negative","should pass step 2 without last name","should pass step 2 without last name",""
"failed","Mon Mar 11 07:25:47 UTC 2024","Mon Mar 11 07:26:56 UTC 2024","69462","","My Network: [FNN-619] Invite manually via sms with signup bonus","","My Network: [FNN-619] Invite manually via sms with signup bonus","should check My Dashboard and My Transactions page for the signup bonus as the inviter user","should check My Dashboard and My Transactions page for the signup bonus as the inviter user",""
"passed","Mon Mar 11 07:28:02 UTC 2024","Mon Mar 11 07:30:27 UTC 2024","145020","","Search Project: [FNN-568] Project search","","Search Project: [FNN-568] Project search","should filter projects by Category","should filter projects by Category",""
"passed","Mon Mar 11 06:43:21 UTC 2024","Mon Mar 11 06:44:27 UTC 2024","66482","","Settings: [FNN-678] Delete account without subscription","","Settings: [FNN-678] Delete account without subscription","should delete account without subscription","should delete account without subscription",""
"broken","Mon Mar 11 07:51:57 UTC 2024","Mon Mar 11 07:52:03 UTC 2024","6659","","CR: [FNN-749] Invite to the organization manually Positive","","CR: [FNN-749] Invite to the organization manually Positive","should accept invitation","should accept invitation",""
"passed","Mon Mar 11 07:26:23 UTC 2024","Mon Mar 11 07:26:47 UTC 2024","24377","","Post Project: [FNN-588] Post project without account Negative","","Post Project: [FNN-588] Post project without account Negative","should post project with taken email","should post project with taken email",""
"passed","Mon Mar 11 07:17:29 UTC 2024","Mon Mar 11 07:17:41 UTC 2024","12298","","CR: [FNN-744] CR Subscribe Negative","","CR: [FNN-744] CR Subscribe Negative","should subscribe as CR without email","should subscribe as CR without email",""
"passed","Mon Mar 11 07:32:52 UTC 2024","Mon Mar 11 07:33:37 UTC 2024","45278","","My Projects: [FNN-1058] Complete project Negative","","My Projects: [FNN-1058] Complete project Negative","should complete project with short Comments","should complete project with short Comments",""
"passed","Mon Mar 11 07:31:44 UTC 2024","Mon Mar 11 07:31:51 UTC 2024","7092","","Search Project: [FNN-568] Project search","","Search Project: [FNN-568] Project search","should filter projects by Status All projects","should filter projects by Status All projects",""
"passed","Mon Mar 11 07:23:01 UTC 2024","Mon Mar 11 07:23:10 UTC 2024","8138","","My Profile: [FNN-719] Add resume Negative","","My Profile: [FNN-719] Add resume Negative","should add education without institute","should add education without institute",""
"passed","Mon Mar 11 07:04:42 UTC 2024","Mon Mar 11 07:05:59 UTC 2024","77378","","Freelancer search: [FNN-924] Freelancer search as CR user","","Freelancer search: [FNN-924] Freelancer search as CR user","should filter freelancers by Years of experience","should filter freelancers by Years of experience",""
"passed","Mon Mar 11 06:29:40 UTC 2024","Mon Mar 11 06:29:55 UTC 2024","14879","","My Profile: [FNN-690] Add resume Positive","","My Profile: [FNN-690] Add resume Positive","should add Language","should add Language",""
"passed","Mon Mar 11 07:25:53 UTC 2024","Mon Mar 11 07:26:15 UTC 2024","21347","","My Profile: [FNN-730] Request reference Negative","","My Profile: [FNN-730] Request reference Negative","should pass step 3 without 1 rating","should pass step 3 without 1 rating",""
"passed","Mon Mar 11 07:08:37 UTC 2024","Mon Mar 11 07:10:03 UTC 2024","86129","","Freelancer search: [FNN-924] Freelancer search as CR user","","Freelancer search: [FNN-924] Freelancer search as CR user","should filter freelancers by Minimum rating","should filter freelancers by Minimum rating",""
